<?xml version = "1.0" encoding = "UTF-8"?>
<configuration>

	<property name="logs" value="C:/FxgSort_Log" />
	<property name="rootLevel" value="${logging.level.root}" />
	<appender name="APPLICATION" class="ch.qos.logback.core.ConsoleAppender">
		<encoder>
			<pattern>[%d{yyyy-MM-dd'T'HH:mm:ss.sss'Z'}] [%-5p] %m%n</pattern>
		</encoder>
	</appender>

	<appender name="mcm_log"
		class="ch.qos.logback.core.rolling.RollingFileAppender">
		<File>${logs}/FxgSort_Log.log</File>
		<encoder class="ch.qos.logback.classic.encoder.PatternLayoutEncoder">
			<Pattern>%d{dd-MM-yyyy HH:mm:ss.SSS} %-5level - %msg%n</Pattern>
		</encoder>
		<rollingPolicy class="ch.qos.logback.core.rolling.TimeBasedRollingPolicy">
			<!-- rollover daily and when the file reaches 10 MegaBytes -->
			<fileNamePattern>${logs}/LhlSort_Log_%d{yyyy-MM-dd}.%i.log
			</fileNamePattern>
			<timeBasedFileNamingAndTriggeringPolicy
				class="ch.qos.logback.core.rolling.SizeAndTimeBasedFNATP">
				<maxFileSize>10MB</maxFileSize>
			</timeBasedFileNamingAndTriggeringPolicy>
		</rollingPolicy>
	</appender>

	<!-- <root level="info">
		<appender-ref ref="mcm_log" />
	</root>
	<root level="error">
		<appender-ref ref="mcm_log" />
		<appender-ref ref="stdout" />
	</root> -->
<!-- 	<root level="debug">
		<appender-ref ref="mcm_log" />
	</root> -->
	 <root level="${rootLevel}">
        <appender-ref ref="APPLICATION" />
    </root>
	
</configuration>
