network,facilityId,state,zipCode,transactionType,effectiveDateTime,uuId
LPN,1241,CA,13706,D,1572816143,MPHASIS-600012-FEDEX-BANGALORE-123456780
LPN,1241,CA,13708,A,1572816143,MPHASIS-600012-FEDEX-BANGALORE-123456781
LPN,1241,CA,13709,A,1572816143,MPHASIS-600012-FEDEX-BANGALORE-123456782
LPN,1241,CA,13800,D,1604438543,MPHASIS-600012-FEDEX-BANGALORE-123456783
LPN,1241,CA,13801,A,1509744143,MPHASIS-600012-FEDEX-BANGALORE-123456784
LPN,1242,CA,13802,A,1604438543,MPHASIS-600012-FEDEX-BANGALORE-123456785
FDX,1243,PA,13803,D,1509744143,MPHASIS-600012-FEDEX-BANGALORE-123456786
LPN,1241,PA,13804,A,1509744143,MPHASIS-600012-FEDEX-BANGALORE-123456787
FDX,1241,PA,13805,A,1509744143,MPHASIS-600012-FEDEX-BANGALORE-123456788
FDX,1241,PA,13806,D,1509744143,MPHASIS-600012-FEDEX-BANGALORE-123456789
FDX,1246,PA,13807,A,1509744143,MPHASIS-600012-FEDEX-BANGALORE-123456790
FDX,1241,PA,13808,D,1509744143,MPHASIS-600012-FEDEX-BANGALORE-123456791